{"stats":{"minecraft:crafted":{"minecraft:oak_planks":20,"minecraft:cooked_porkchop":6,"minecraft:crafting_table":1,"minecraft:stick":8,"minecraft:wooden_pickaxe":1,"minecraft:stone_pickaxe":1,"minecraft:furnace":1,"minecraft:stone_axe":1,"minecraft:air":0},"minecraft:killed":{"minecraft:pig":3,"minecraft:cow":3},"minecraft:mined":{"minecraft:hay_block":21,"minecraft:white_bed":3,"minecraft:furnace":1,"minecraft:crafting_table":1,"minecraft:short_grass":10,"minecraft:coal_ore":19,"minecraft:grass_block":3,"minecraft:oak_log":5,"minecraft:dirt":6,"minecraft:tall_grass":2,"minecraft:cobblestone":2,"minecraft:stone":60,"minecraft:sugar_cane":3,"minecraft:oak_planks":1},"minecraft:custom":{"minecraft:time_since_rest":2302,"minecraft:interact_with_furnace":6,"minecraft:sprint_one_cm":40642,"minecraft:damage_taken":40,"minecraft:walk_one_cm":26605,"minecraft:mob_kills":6,"minecraft:damage_dealt":600,"minecraft:talked_to_villager":1,"minecraft:interact_with_crafting_table":5,"minecraft:fly_one_cm":77207,"minecraft:open_chest":1,"minecraft:crouch_one_cm":3255,"minecraft:play_time":20656,"minecraft:sneak_time":1848,"minecraft:jump":386,"minecraft:walk_on_water_one_cm":99,"minecraft:leave_game":3,"minecraft:time_since_death":20656,"minecraft:sleep_in_bed":2,"minecraft:total_world_time":20656,"minecraft:fall_one_cm":9279},"minecraft:used":{"minecraft:stone_pickaxe":68,"minecraft:bread":2,"minecraft:wooden_pickaxe":32,"minecraft:stone_axe":6,"minecraft:dirt":4,"minecraft:crafting_table":1,"minecraft:furnace":1,"minecraft:white_bed":2},"minecraft:picked_up":{"minecraft:crafting_table":1,"minecraft:leather":1,"minecraft:porkchop":6,"minecraft:oak_log":5,"minecraft:white_bed":3,"minecraft:dirt":9,"minecraft:wheat_seeds":2,"minecraft:hay_block":21,"minecraft:beef":5,"minecraft:sugar_cane":8,"minecraft:coal":19,"minecraft:oak_planks":1,"minecraft:cobblestone":62,"minecraft:furnace":1}},"DataVersion":3953}